<?xml version="1.0" encoding="UTF-8"?>
<!-- IMPORTANT: This is an internal file that has been generated
     by the Xilinx ISE software.  Any direct editing or
     changes made to this file may result in unpredictable
     behavior or data corruption.  It is strongly advised that
     users do not edit the contents of this file. -->
<DeviceUsageSummary rev="5">
<DesignStatistics TimeStamp="Sun Mar 09 19:29:32 2014"><group name="NetStatistics">
<item name="NumNets_Active" rev="5">
<attrib name="value" value="3265"/></item>
<item name="NumNets_Gnd" rev="5">
<attrib name="value" value="1"/></item>
<item name="NumNets_Vcc" rev="5">
<attrib name="value" value="1"/></item>
<item name="NumNodesOfType_Active_BRAMADDR" rev="5">
<attrib name="value" value="18"/></item>
<item name="NumNodesOfType_Active_BRAMDUMMY" rev="5">
<attrib name="value" value="65"/></item>
<item name="NumNodesOfType_Active_CLKPIN" rev="5">
<attrib name="value" value="713"/></item>
<item name="NumNodesOfType_Active_CNTRLPIN" rev="5">
<attrib name="value" value="696"/></item>
<item name="NumNodesOfType_Active_DOUBLE" rev="5">
<attrib name="value" value="8067"/></item>
<item name="NumNodesOfType_Active_DUMMY" rev="5">
<attrib name="value" value="8382"/></item>
<item name="NumNodesOfType_Active_DUMMYBANK" rev="5">
<attrib name="value" value="20"/></item>
<item name="NumNodesOfType_Active_DUMMYESC" rev="5">
<attrib name="value" value="7"/></item>
<item name="NumNodesOfType_Active_GLOBAL" rev="5">
<attrib name="value" value="294"/></item>
<item name="NumNodesOfType_Active_HFULLHEX" rev="5">
<attrib name="value" value="114"/></item>
<item name="NumNodesOfType_Active_HLONG" rev="5">
<attrib name="value" value="34"/></item>
<item name="NumNodesOfType_Active_HUNIHEX" rev="5">
<attrib name="value" value="594"/></item>
<item name="NumNodesOfType_Active_INPUT" rev="5">
<attrib name="value" value="9785"/></item>
<item name="NumNodesOfType_Active_IOBOUTPUT" rev="5">
<attrib name="value" value="7"/></item>
<item name="NumNodesOfType_Active_OMUX" rev="5">
<attrib name="value" value="2951"/></item>
<item name="NumNodesOfType_Active_OUTPUT" rev="5">
<attrib name="value" value="3211"/></item>
<item name="NumNodesOfType_Active_PREBXBY" rev="5">
<attrib name="value" value="2763"/></item>
<item name="NumNodesOfType_Active_VFULLHEX" rev="5">
<attrib name="value" value="421"/></item>
<item name="NumNodesOfType_Active_VLONG" rev="5">
<attrib name="value" value="83"/></item>
<item name="NumNodesOfType_Active_VUNIHEX" rev="5">
<attrib name="value" value="627"/></item>
<item name="NumNodesOfType_Gnd_BRAMDUMMY" rev="5">
<attrib name="value" value="10"/></item>
<item name="NumNodesOfType_Gnd_DOUBLE" rev="5">
<attrib name="value" value="4"/></item>
<item name="NumNodesOfType_Gnd_INPUT" rev="5">
<attrib name="value" value="23"/></item>
<item name="NumNodesOfType_Gnd_OMUX" rev="5">
<attrib name="value" value="14"/></item>
<item name="NumNodesOfType_Gnd_OUTPUT" rev="5">
<attrib name="value" value="11"/></item>
<item name="NumNodesOfType_Gnd_PREBXBY" rev="5">
<attrib name="value" value="11"/></item>
</group>
<group name="MiscellaneousStatistics">
<item name="AGG_BONDED_IO" rev="4">
<attrib name="value" value="22"/></item>
<item name="AGG_IO" rev="4">
<attrib name="value" value="22"/></item>
<item name="AGG_SLICE" rev="4">
<attrib name="value" value="1599"/></item>
<item name="NUM_4_INPUT_LUT" rev="4">
<attrib name="value" value="2472"/></item>
<item name="NUM_BONDED_IBUF" rev="4">
<attrib name="value" value="7"/></item>
<item name="NUM_BONDED_IOB" rev="4">
<attrib name="value" value="15"/></item>
<item name="NUM_BUFGMUX" rev="4">
<attrib name="value" value="7"/></item>
<item name="NUM_CYMUX" rev="4">
<attrib name="value" value="296"/></item>
<item name="NUM_LUT_RT" rev="4">
<attrib name="value" value="142"/></item>
<item name="NUM_RAMB16" rev="4">
<attrib name="value" value="1"/></item>
<item name="NUM_SLICEL" rev="4">
<attrib name="value" value="1535"/></item>
<item name="NUM_SLICEM" rev="4">
<attrib name="value" value="64"/></item>
<item name="NUM_SLICE_FF" rev="4">
<attrib name="value" value="754"/></item>
<item name="NUM_SLICE_LATCH" rev="4">
<attrib name="value" value="430"/></item>
<item name="NUM_XOR" rev="4">
<attrib name="value" value="197"/></item>
<item name="Xilinx Core blkmemdp_v6_3, Xilinx CORE Generator 10.1" rev="4">
<attrib name="value" value="1"/></item>
</group>
</DesignStatistics>
<DeviceUsage TimeStamp="Sun Mar 09 19:29:32 2014"><group name="SiteSummary">
<item name="BUFGMUX" rev="5">
<attrib name="total" value="1000000"/><attrib name="used" value="7"/></item>
<item name="BUFGMUX_GCLKMUX" rev="5">
<attrib name="total" value="1000000"/><attrib name="used" value="7"/></item>
<item name="BUFGMUX_GCLK_BUFFER" rev="5">
<attrib name="total" value="1000000"/><attrib name="used" value="7"/></item>
<item name="IBUF" rev="5">
<attrib name="total" value="1000000"/><attrib name="used" value="7"/></item>
<item name="IBUF_INBUF" rev="5">
<attrib name="total" value="1000000"/><attrib name="used" value="7"/></item>
<item name="IBUF_PAD" rev="5">
<attrib name="total" value="1000000"/><attrib name="used" value="7"/></item>
<item name="IOB" rev="5">
<attrib name="total" value="1000000"/><attrib name="used" value="15"/></item>
<item name="IOB_OUTBUF" rev="5">
<attrib name="total" value="1000000"/><attrib name="used" value="15"/></item>
<item name="IOB_PAD" rev="5">
<attrib name="total" value="1000000"/><attrib name="used" value="15"/></item>
<item name="RAMB16" rev="5">
<attrib name="total" value="1000000"/><attrib name="used" value="1"/></item>
<item name="RAMB16_RAMB16" rev="5">
<attrib name="total" value="1000000"/><attrib name="used" value="1"/></item>
<item name="RAMB16_RAMB16A" rev="5">
<attrib name="total" value="1000000"/><attrib name="used" value="1"/></item>
<item name="RAMB16_RAMB16B" rev="5">
<attrib name="total" value="1000000"/><attrib name="used" value="1"/></item>
<item name="SLICEL" rev="5">
<attrib name="total" value="1000000"/><attrib name="used" value="1535"/></item>
<item name="SLICEL_C1VDD" rev="5">
<attrib name="total" value="1000000"/><attrib name="used" value="59"/></item>
<item name="SLICEL_C2VDD" rev="5">
<attrib name="total" value="1000000"/><attrib name="used" value="60"/></item>
<item name="SLICEL_CYMUXF" rev="5">
<attrib name="total" value="1000000"/><attrib name="used" value="151"/></item>
<item name="SLICEL_CYMUXG" rev="5">
<attrib name="total" value="1000000"/><attrib name="used" value="145"/></item>
<item name="SLICEL_F" rev="5">
<attrib name="total" value="1000000"/><attrib name="used" value="1180"/></item>
<item name="SLICEL_F5MUX" rev="5">
<attrib name="total" value="1000000"/><attrib name="used" value="132"/></item>
<item name="SLICEL_F6MUX" rev="5">
<attrib name="total" value="1000000"/><attrib name="used" value="33"/></item>
<item name="SLICEL_FFX" rev="5">
<attrib name="total" value="1000000"/><attrib name="used" value="678"/></item>
<item name="SLICEL_FFY" rev="5">
<attrib name="total" value="1000000"/><attrib name="used" value="506"/></item>
<item name="SLICEL_G" rev="5">
<attrib name="total" value="1000000"/><attrib name="used" value="1164"/></item>
<item name="SLICEL_GNDF" rev="5">
<attrib name="total" value="1000000"/><attrib name="used" value="76"/></item>
<item name="SLICEL_GNDG" rev="5">
<attrib name="total" value="1000000"/><attrib name="used" value="69"/></item>
<item name="SLICEL_XORF" rev="5">
<attrib name="total" value="1000000"/><attrib name="used" value="97"/></item>
<item name="SLICEL_XORG" rev="5">
<attrib name="total" value="1000000"/><attrib name="used" value="100"/></item>
<item name="SLICEM" rev="5">
<attrib name="total" value="1000000"/><attrib name="used" value="64"/></item>
<item name="SLICEM_F" rev="5">
<attrib name="total" value="1000000"/><attrib name="used" value="64"/></item>
<item name="SLICEM_F5MUX" rev="5">
<attrib name="total" value="1000000"/><attrib name="used" value="64"/></item>
<item name="SLICEM_F6MUX" rev="5">
<attrib name="total" value="1000000"/><attrib name="used" value="64"/></item>
<item name="SLICEM_G" rev="5">
<attrib name="total" value="1000000"/><attrib name="used" value="64"/></item>
</group>
</DeviceUsage>
<ReportConfigData TimeStamp="Sun Mar 09 19:29:32 2014"><group name="IBUF_PAD">
<item name="IOATTRBOX" rev="5">
<attrib name="LVTTL" value="6"/><attrib name="LVCMOS33" value="1"/></item>
<item name="PULL" rev="5">
<attrib name="PULLUP" value="4"/><attrib name="PULLDOWN" value="2"/></item>
</group>
<group name="SLICEM_F">
<item name="LUT_OR_MEM" rev="5">
<attrib name="LUT" value="64"/></item>
</group>
<group name="SLICEM_G">
<item name="LUT_OR_MEM" rev="5">
<attrib name="LUT" value="64"/></item>
</group>
<group name="BUFGMUX_GCLKMUX">
<item name="DISABLE_ATTR" rev="5">
<attrib name="LOW" value="7"/></item>
</group>
<group name="SLICEL_FFX">
<item name="FFX_INIT_ATTR" rev="5">
<attrib name="INIT0" value="641"/><attrib name="INIT1" value="37"/></item>
<item name="FFX_SR_ATTR" rev="5">
<attrib name="SRLOW" value="672"/><attrib name="SRHIGH" value="6"/></item>
<item name="LATCH_OR_FF" rev="5">
<attrib name="FF" value="455"/><attrib name="LATCH" value="223"/></item>
<item name="SYNC_ATTR" rev="5">
<attrib name="ASYNC" value="621"/><attrib name="SYNC" value="57"/></item>
</group>
<group name="SLICEL_FFY">
<item name="FFY_INIT_ATTR" rev="5">
<attrib name="INIT0" value="478"/><attrib name="INIT1" value="28"/></item>
<item name="FFY_SR_ATTR" rev="5">
<attrib name="SRLOW" value="503"/><attrib name="SRHIGH" value="3"/></item>
<item name="LATCH_OR_FF" rev="5">
<attrib name="FF" value="299"/><attrib name="LATCH" value="207"/></item>
<item name="SYNC_ATTR" rev="5">
<attrib name="ASYNC" value="480"/><attrib name="SYNC" value="26"/></item>
</group>
<group name="RAMB16_RAMB16A">
<item name="PORTA_ATTR" rev="5">
<attrib name="512X36" value="1"/></item>
<item name="WRITEMODEA" rev="5">
<attrib name="WRITE_FIRST" value="1"/></item>
</group>
<group name="RAMB16_RAMB16B">
<item name="PORTB_ATTR" rev="5">
<attrib name="512X36" value="1"/></item>
<item name="WRITEMODEB" rev="5">
<attrib name="WRITE_FIRST" value="1"/></item>
</group>
<group name="IOB_PAD">
<item name="DRIVEATTRBOX" rev="5">
<attrib name="4" value="7"/><attrib name="8" value="8"/></item>
<item name="IOATTRBOX" rev="5">
<attrib name="LVTTL" value="8"/><attrib name="LVCMOS33" value="7"/></item>
<item name="SLEW" rev="5">
<attrib name="SLOW" value="15"/></item>
</group>
</ReportConfigData>
<ReportPinData TimeStamp="Sun Mar 09 19:29:32 2014"><group name="IBUF_PAD">
<item name="PAD" rev="5">
<attrib name="value" value="7"/></item>
</group>
<group name="IBUF_INBUF">
<item name="IN" rev="5">
<attrib name="value" value="7"/></item>
<item name="OUT" rev="5">
<attrib name="value" value="7"/></item>
</group>
<group name="SLICEM_F">
<item name="A1" rev="5">
<attrib name="value" value="64"/></item>
<item name="A2" rev="5">
<attrib name="value" value="64"/></item>
<item name="A3" rev="5">
<attrib name="value" value="64"/></item>
<item name="D" rev="5">
<attrib name="value" value="64"/></item>
</group>
<group name="SLICEM_G">
<item name="A1" rev="5">
<attrib name="value" value="64"/></item>
<item name="A2" rev="5">
<attrib name="value" value="64"/></item>
<item name="A3" rev="5">
<attrib name="value" value="64"/></item>
<item name="D" rev="5">
<attrib name="value" value="64"/></item>
</group>
<group name="SLICEL">
<item name="BX" rev="5">
<attrib name="value" value="486"/></item>
<item name="BY" rev="5">
<attrib name="value" value="382"/></item>
<item name="CE" rev="5">
<attrib name="value" value="384"/></item>
<item name="CIN" rev="5">
<attrib name="value" value="138"/></item>
<item name="CLK" rev="5">
<attrib name="value" value="711"/></item>
<item name="COUT" rev="5">
<attrib name="value" value="145"/></item>
<item name="F1" rev="5">
<attrib name="value" value="1177"/></item>
<item name="F2" rev="5">
<attrib name="value" value="1084"/></item>
<item name="F3" rev="5">
<attrib name="value" value="1055"/></item>
<item name="F4" rev="5">
<attrib name="value" value="785"/></item>
<item name="F5" rev="5">
<attrib name="value" value="66"/></item>
<item name="FX" rev="5">
<attrib name="value" value="32"/></item>
<item name="FXINA" rev="5">
<attrib name="value" value="33"/></item>
<item name="FXINB" rev="5">
<attrib name="value" value="33"/></item>
<item name="G1" rev="5">
<attrib name="value" value="1160"/></item>
<item name="G2" rev="5">
<attrib name="value" value="1071"/></item>
<item name="G3" rev="5">
<attrib name="value" value="917"/></item>
<item name="G4" rev="5">
<attrib name="value" value="736"/></item>
<item name="SR" rev="5">
<attrib name="value" value="312"/></item>
<item name="X" rev="5">
<attrib name="value" value="773"/></item>
<item name="XB" rev="5">
<attrib name="value" value="1"/></item>
<item name="XQ" rev="5">
<attrib name="value" value="678"/></item>
<item name="Y" rev="5">
<attrib name="value" value="868"/></item>
<item name="YQ" rev="5">
<attrib name="value" value="506"/></item>
</group>
<group name="SLICEM">
<item name="BX" rev="5">
<attrib name="value" value="64"/></item>
<item name="BY" rev="5">
<attrib name="value" value="64"/></item>
<item name="F1" rev="5">
<attrib name="value" value="64"/></item>
<item name="F2" rev="5">
<attrib name="value" value="64"/></item>
<item name="F3" rev="5">
<attrib name="value" value="64"/></item>
<item name="F5" rev="5">
<attrib name="value" value="64"/></item>
<item name="FX" rev="5">
<attrib name="value" value="32"/></item>
<item name="FXINA" rev="5">
<attrib name="value" value="64"/></item>
<item name="FXINB" rev="5">
<attrib name="value" value="64"/></item>
<item name="G1" rev="5">
<attrib name="value" value="64"/></item>
<item name="G2" rev="5">
<attrib name="value" value="64"/></item>
<item name="G3" rev="5">
<attrib name="value" value="64"/></item>
<item name="Y" rev="5">
<attrib name="value" value="32"/></item>
</group>
<group name="RAMB16">
<item name="ADDRA10" rev="5">
<attrib name="value" value="1"/></item>
<item name="ADDRA11" rev="5">
<attrib name="value" value="1"/></item>
<item name="ADDRA12" rev="5">
<attrib name="value" value="1"/></item>
<item name="ADDRA13" rev="5">
<attrib name="value" value="1"/></item>
<item name="ADDRA5" rev="5">
<attrib name="value" value="1"/></item>
<item name="ADDRA6" rev="5">
<attrib name="value" value="1"/></item>
<item name="ADDRA7" rev="5">
<attrib name="value" value="1"/></item>
<item name="ADDRA8" rev="5">
<attrib name="value" value="1"/></item>
<item name="ADDRA9" rev="5">
<attrib name="value" value="1"/></item>
<item name="ADDRB10" rev="5">
<attrib name="value" value="1"/></item>
<item name="ADDRB11" rev="5">
<attrib name="value" value="1"/></item>
<item name="ADDRB12" rev="5">
<attrib name="value" value="1"/></item>
<item name="ADDRB13" rev="5">
<attrib name="value" value="1"/></item>
<item name="ADDRB5" rev="5">
<attrib name="value" value="1"/></item>
<item name="ADDRB6" rev="5">
<attrib name="value" value="1"/></item>
<item name="ADDRB7" rev="5">
<attrib name="value" value="1"/></item>
<item name="ADDRB8" rev="5">
<attrib name="value" value="1"/></item>
<item name="ADDRB9" rev="5">
<attrib name="value" value="1"/></item>
<item name="CLKA" rev="5">
<attrib name="value" value="1"/></item>
<item name="CLKB" rev="5">
<attrib name="value" value="1"/></item>
<item name="DIB0" rev="5">
<attrib name="value" value="1"/></item>
<item name="DIB1" rev="5">
<attrib name="value" value="1"/></item>
<item name="DIB10" rev="5">
<attrib name="value" value="1"/></item>
<item name="DIB11" rev="5">
<attrib name="value" value="1"/></item>
<item name="DIB12" rev="5">
<attrib name="value" value="1"/></item>
<item name="DIB13" rev="5">
<attrib name="value" value="1"/></item>
<item name="DIB14" rev="5">
<attrib name="value" value="1"/></item>
<item name="DIB15" rev="5">
<attrib name="value" value="1"/></item>
<item name="DIB16" rev="5">
<attrib name="value" value="1"/></item>
<item name="DIB17" rev="5">
<attrib name="value" value="1"/></item>
<item name="DIB18" rev="5">
<attrib name="value" value="1"/></item>
<item name="DIB19" rev="5">
<attrib name="value" value="1"/></item>
<item name="DIB2" rev="5">
<attrib name="value" value="1"/></item>
<item name="DIB20" rev="5">
<attrib name="value" value="1"/></item>
<item name="DIB21" rev="5">
<attrib name="value" value="1"/></item>
<item name="DIB22" rev="5">
<attrib name="value" value="1"/></item>
<item name="DIB23" rev="5">
<attrib name="value" value="1"/></item>
<item name="DIB24" rev="5">
<attrib name="value" value="1"/></item>
<item name="DIB25" rev="5">
<attrib name="value" value="1"/></item>
<item name="DIB26" rev="5">
<attrib name="value" value="1"/></item>
<item name="DIB27" rev="5">
<attrib name="value" value="1"/></item>
<item name="DIB28" rev="5">
<attrib name="value" value="1"/></item>
<item name="DIB29" rev="5">
<attrib name="value" value="1"/></item>
<item name="DIB3" rev="5">
<attrib name="value" value="1"/></item>
<item name="DIB30" rev="5">
<attrib name="value" value="1"/></item>
<item name="DIB31" rev="5">
<attrib name="value" value="1"/></item>
<item name="DIB4" rev="5">
<attrib name="value" value="1"/></item>
<item name="DIB5" rev="5">
<attrib name="value" value="1"/></item>
<item name="DIB6" rev="5">
<attrib name="value" value="1"/></item>
<item name="DIB7" rev="5">
<attrib name="value" value="1"/></item>
<item name="DIB8" rev="5">
<attrib name="value" value="1"/></item>
<item name="DIB9" rev="5">
<attrib name="value" value="1"/></item>
<item name="DIPA0" rev="5">
<attrib name="value" value="1"/></item>
<item name="DIPA1" rev="5">
<attrib name="value" value="1"/></item>
<item name="DIPA2" rev="5">
<attrib name="value" value="1"/></item>
<item name="DIPA3" rev="5">
<attrib name="value" value="1"/></item>
<item name="DIPB0" rev="5">
<attrib name="value" value="1"/></item>
<item name="DIPB1" rev="5">
<attrib name="value" value="1"/></item>
<item name="DIPB2" rev="5">
<attrib name="value" value="1"/></item>
<item name="DIPB3" rev="5">
<attrib name="value" value="1"/></item>
<item name="DOA0" rev="5">
<attrib name="value" value="1"/></item>
<item name="DOA1" rev="5">
<attrib name="value" value="1"/></item>
<item name="DOA10" rev="5">
<attrib name="value" value="1"/></item>
<item name="DOA11" rev="5">
<attrib name="value" value="1"/></item>
<item name="DOA12" rev="5">
<attrib name="value" value="1"/></item>
<item name="DOA13" rev="5">
<attrib name="value" value="1"/></item>
<item name="DOA14" rev="5">
<attrib name="value" value="1"/></item>
<item name="DOA15" rev="5">
<attrib name="value" value="1"/></item>
<item name="DOA16" rev="5">
<attrib name="value" value="1"/></item>
<item name="DOA17" rev="5">
<attrib name="value" value="1"/></item>
<item name="DOA18" rev="5">
<attrib name="value" value="1"/></item>
<item name="DOA19" rev="5">
<attrib name="value" value="1"/></item>
<item name="DOA2" rev="5">
<attrib name="value" value="1"/></item>
<item name="DOA20" rev="5">
<attrib name="value" value="1"/></item>
<item name="DOA21" rev="5">
<attrib name="value" value="1"/></item>
<item name="DOA22" rev="5">
<attrib name="value" value="1"/></item>
<item name="DOA23" rev="5">
<attrib name="value" value="1"/></item>
<item name="DOA24" rev="5">
<attrib name="value" value="1"/></item>
<item name="DOA25" rev="5">
<attrib name="value" value="1"/></item>
<item name="DOA26" rev="5">
<attrib name="value" value="1"/></item>
<item name="DOA27" rev="5">
<attrib name="value" value="1"/></item>
<item name="DOA28" rev="5">
<attrib name="value" value="1"/></item>
<item name="DOA29" rev="5">
<attrib name="value" value="1"/></item>
<item name="DOA3" rev="5">
<attrib name="value" value="1"/></item>
<item name="DOA30" rev="5">
<attrib name="value" value="1"/></item>
<item name="DOA31" rev="5">
<attrib name="value" value="1"/></item>
<item name="DOA4" rev="5">
<attrib name="value" value="1"/></item>
<item name="DOA5" rev="5">
<attrib name="value" value="1"/></item>
<item name="DOA6" rev="5">
<attrib name="value" value="1"/></item>
<item name="DOA7" rev="5">
<attrib name="value" value="1"/></item>
<item name="DOA8" rev="5">
<attrib name="value" value="1"/></item>
<item name="DOA9" rev="5">
<attrib name="value" value="1"/></item>
<item name="ENA" rev="5">
<attrib name="value" value="1"/></item>
<item name="ENB" rev="5">
<attrib name="value" value="1"/></item>
<item name="SSRA" rev="5">
<attrib name="value" value="1"/></item>
<item name="SSRB" rev="5">
<attrib name="value" value="1"/></item>
<item name="WEA" rev="5">
<attrib name="value" value="1"/></item>
<item name="WEB" rev="5">
<attrib name="value" value="1"/></item>
</group>
<group name="RAMB16_RAMB16">
<item name="ADDRA" rev="5">
<attrib name="value" value="1"/></item>
<item name="ADDRB" rev="5">
<attrib name="value" value="1"/></item>
<item name="DIA" rev="5">
<attrib name="value" value="1"/></item>
<item name="DIB" rev="5">
<attrib name="value" value="1"/></item>
<item name="DOA" rev="5">
<attrib name="value" value="1"/></item>
<item name="DOB" rev="5">
<attrib name="value" value="1"/></item>
</group>
<group name="IOB_OUTBUF">
<item name="IN" rev="5">
<attrib name="value" value="15"/></item>
<item name="OUT" rev="5">
<attrib name="value" value="15"/></item>
</group>
<group name="SLICEL_CYMUXF">
<item name="0" rev="5">
<attrib name="value" value="151"/></item>
<item name="1" rev="5">
<attrib name="value" value="151"/></item>
<item name="OUT" rev="5">
<attrib name="value" value="151"/></item>
<item name="S0" rev="5">
<attrib name="value" value="151"/></item>
</group>
<group name="SLICEL_CYMUXG">
<item name="0" rev="5">
<attrib name="value" value="145"/></item>
<item name="1" rev="5">
<attrib name="value" value="145"/></item>
<item name="OUT" rev="5">
<attrib name="value" value="145"/></item>
<item name="S0" rev="5">
<attrib name="value" value="145"/></item>
</group>
<group name="BUFGMUX_GCLKMUX">
<item name="I0" rev="5">
<attrib name="value" value="7"/></item>
<item name="OUT" rev="5">
<attrib name="value" value="7"/></item>
<item name="S" rev="5">
<attrib name="value" value="7"/></item>
</group>
<group name="SLICEL_C1VDD">
<item name="1" rev="5">
<attrib name="value" value="59"/></item>
</group>
<group name="IBUF">
<item name="I" rev="5">
<attrib name="value" value="7"/></item>
<item name="PAD" rev="5">
<attrib name="value" value="7"/></item>
</group>
<group name="SLICEL_FFX">
<item name="CE" rev="5">
<attrib name="value" value="375"/></item>
<item name="CK" rev="5">
<attrib name="value" value="678"/></item>
<item name="D" rev="5">
<attrib name="value" value="678"/></item>
<item name="Q" rev="5">
<attrib name="value" value="678"/></item>
<item name="REV" rev="5">
<attrib name="value" value="1"/></item>
<item name="SR" rev="5">
<attrib name="value" value="299"/></item>
</group>
<group name="SLICEL_XORF">
<item name="0" rev="5">
<attrib name="value" value="97"/></item>
<item name="1" rev="5">
<attrib name="value" value="97"/></item>
<item name="O" rev="5">
<attrib name="value" value="97"/></item>
</group>
<group name="SLICEL_FFY">
<item name="CE" rev="5">
<attrib name="value" value="262"/></item>
<item name="CK" rev="5">
<attrib name="value" value="506"/></item>
<item name="D" rev="5">
<attrib name="value" value="506"/></item>
<item name="Q" rev="5">
<attrib name="value" value="506"/></item>
<item name="REV" rev="5">
<attrib name="value" value="2"/></item>
<item name="SR" rev="5">
<attrib name="value" value="268"/></item>
</group>
<group name="SLICEL_XORG">
<item name="0" rev="5">
<attrib name="value" value="100"/></item>
<item name="1" rev="5">
<attrib name="value" value="100"/></item>
<item name="O" rev="5">
<attrib name="value" value="100"/></item>
</group>
<group name="SLICEM_F6MUX">
<item name="0" rev="5">
<attrib name="value" value="64"/></item>
<item name="1" rev="5">
<attrib name="value" value="64"/></item>
<item name="OUT" rev="5">
<attrib name="value" value="64"/></item>
<item name="S0" rev="5">
<attrib name="value" value="64"/></item>
</group>
<group name="RAMB16_RAMB16A">
<item name="ADDRA" rev="5">
<attrib name="value" value="1"/></item>
<item name="ADDRA10" rev="5">
<attrib name="value" value="1"/></item>
<item name="ADDRA11" rev="5">
<attrib name="value" value="1"/></item>
<item name="ADDRA12" rev="5">
<attrib name="value" value="1"/></item>
<item name="ADDRA13" rev="5">
<attrib name="value" value="1"/></item>
<item name="ADDRA5" rev="5">
<attrib name="value" value="1"/></item>
<item name="ADDRA6" rev="5">
<attrib name="value" value="1"/></item>
<item name="ADDRA7" rev="5">
<attrib name="value" value="1"/></item>
<item name="ADDRA8" rev="5">
<attrib name="value" value="1"/></item>
<item name="ADDRA9" rev="5">
<attrib name="value" value="1"/></item>
<item name="CLKA" rev="5">
<attrib name="value" value="1"/></item>
<item name="DIA" rev="5">
<attrib name="value" value="1"/></item>
<item name="DIPA0" rev="5">
<attrib name="value" value="1"/></item>
<item name="DIPA1" rev="5">
<attrib name="value" value="1"/></item>
<item name="DIPA2" rev="5">
<attrib name="value" value="1"/></item>
<item name="DIPA3" rev="5">
<attrib name="value" value="1"/></item>
<item name="DOA" rev="5">
<attrib name="value" value="1"/></item>
<item name="DOA0" rev="5">
<attrib name="value" value="1"/></item>
<item name="DOA1" rev="5">
<attrib name="value" value="1"/></item>
<item name="DOA10" rev="5">
<attrib name="value" value="1"/></item>
<item name="DOA11" rev="5">
<attrib name="value" value="1"/></item>
<item name="DOA12" rev="5">
<attrib name="value" value="1"/></item>
<item name="DOA13" rev="5">
<attrib name="value" value="1"/></item>
<item name="DOA14" rev="5">
<attrib name="value" value="1"/></item>
<item name="DOA15" rev="5">
<attrib name="value" value="1"/></item>
<item name="DOA16" rev="5">
<attrib name="value" value="1"/></item>
<item name="DOA17" rev="5">
<attrib name="value" value="1"/></item>
<item name="DOA18" rev="5">
<attrib name="value" value="1"/></item>
<item name="DOA19" rev="5">
<attrib name="value" value="1"/></item>
<item name="DOA2" rev="5">
<attrib name="value" value="1"/></item>
<item name="DOA20" rev="5">
<attrib name="value" value="1"/></item>
<item name="DOA21" rev="5">
<attrib name="value" value="1"/></item>
<item name="DOA22" rev="5">
<attrib name="value" value="1"/></item>
<item name="DOA23" rev="5">
<attrib name="value" value="1"/></item>
<item name="DOA24" rev="5">
<attrib name="value" value="1"/></item>
<item name="DOA25" rev="5">
<attrib name="value" value="1"/></item>
<item name="DOA26" rev="5">
<attrib name="value" value="1"/></item>
<item name="DOA27" rev="5">
<attrib name="value" value="1"/></item>
<item name="DOA28" rev="5">
<attrib name="value" value="1"/></item>
<item name="DOA29" rev="5">
<attrib name="value" value="1"/></item>
<item name="DOA3" rev="5">
<attrib name="value" value="1"/></item>
<item name="DOA30" rev="5">
<attrib name="value" value="1"/></item>
<item name="DOA31" rev="5">
<attrib name="value" value="1"/></item>
<item name="DOA4" rev="5">
<attrib name="value" value="1"/></item>
<item name="DOA5" rev="5">
<attrib name="value" value="1"/></item>
<item name="DOA6" rev="5">
<attrib name="value" value="1"/></item>
<item name="DOA7" rev="5">
<attrib name="value" value="1"/></item>
<item name="DOA8" rev="5">
<attrib name="value" value="1"/></item>
<item name="DOA9" rev="5">
<attrib name="value" value="1"/></item>
<item name="ENA" rev="5">
<attrib name="value" value="1"/></item>
<item name="SSRA" rev="5">
<attrib name="value" value="1"/></item>
<item name="WEA" rev="5">
<attrib name="value" value="1"/></item>
</group>
<group name="SLICEL_F6MUX">
<item name="0" rev="5">
<attrib name="value" value="33"/></item>
<item name="1" rev="5">
<attrib name="value" value="33"/></item>
<item name="OUT" rev="5">
<attrib name="value" value="33"/></item>
<item name="S0" rev="5">
<attrib name="value" value="33"/></item>
</group>
<group name="RAMB16_RAMB16B">
<item name="ADDRB" rev="5">
<attrib name="value" value="1"/></item>
<item name="ADDRB10" rev="5">
<attrib name="value" value="1"/></item>
<item name="ADDRB11" rev="5">
<attrib name="value" value="1"/></item>
<item name="ADDRB12" rev="5">
<attrib name="value" value="1"/></item>
<item name="ADDRB13" rev="5">
<attrib name="value" value="1"/></item>
<item name="ADDRB5" rev="5">
<attrib name="value" value="1"/></item>
<item name="ADDRB6" rev="5">
<attrib name="value" value="1"/></item>
<item name="ADDRB7" rev="5">
<attrib name="value" value="1"/></item>
<item name="ADDRB8" rev="5">
<attrib name="value" value="1"/></item>
<item name="ADDRB9" rev="5">
<attrib name="value" value="1"/></item>
<item name="CLKB" rev="5">
<attrib name="value" value="1"/></item>
<item name="DIB" rev="5">
<attrib name="value" value="1"/></item>
<item name="DIB0" rev="5">
<attrib name="value" value="1"/></item>
<item name="DIB1" rev="5">
<attrib name="value" value="1"/></item>
<item name="DIB10" rev="5">
<attrib name="value" value="1"/></item>
<item name="DIB11" rev="5">
<attrib name="value" value="1"/></item>
<item name="DIB12" rev="5">
<attrib name="value" value="1"/></item>
<item name="DIB13" rev="5">
<attrib name="value" value="1"/></item>
<item name="DIB14" rev="5">
<attrib name="value" value="1"/></item>
<item name="DIB15" rev="5">
<attrib name="value" value="1"/></item>
<item name="DIB16" rev="5">
<attrib name="value" value="1"/></item>
<item name="DIB17" rev="5">
<attrib name="value" value="1"/></item>
<item name="DIB18" rev="5">
<attrib name="value" value="1"/></item>
<item name="DIB19" rev="5">
<attrib name="value" value="1"/></item>
<item name="DIB2" rev="5">
<attrib name="value" value="1"/></item>
<item name="DIB20" rev="5">
<attrib name="value" value="1"/></item>
<item name="DIB21" rev="5">
<attrib name="value" value="1"/></item>
<item name="DIB22" rev="5">
<attrib name="value" value="1"/></item>
<item name="DIB23" rev="5">
<attrib name="value" value="1"/></item>
<item name="DIB24" rev="5">
<attrib name="value" value="1"/></item>
<item name="DIB25" rev="5">
<attrib name="value" value="1"/></item>
<item name="DIB26" rev="5">
<attrib name="value" value="1"/></item>
<item name="DIB27" rev="5">
<attrib name="value" value="1"/></item>
<item name="DIB28" rev="5">
<attrib name="value" value="1"/></item>
<item name="DIB29" rev="5">
<attrib name="value" value="1"/></item>
<item name="DIB3" rev="5">
<attrib name="value" value="1"/></item>
<item name="DIB30" rev="5">
<attrib name="value" value="1"/></item>
<item name="DIB31" rev="5">
<attrib name="value" value="1"/></item>
<item name="DIB4" rev="5">
<attrib name="value" value="1"/></item>
<item name="DIB5" rev="5">
<attrib name="value" value="1"/></item>
<item name="DIB6" rev="5">
<attrib name="value" value="1"/></item>
<item name="DIB7" rev="5">
<attrib name="value" value="1"/></item>
<item name="DIB8" rev="5">
<attrib name="value" value="1"/></item>
<item name="DIB9" rev="5">
<attrib name="value" value="1"/></item>
<item name="DIPB0" rev="5">
<attrib name="value" value="1"/></item>
<item name="DIPB1" rev="5">
<attrib name="value" value="1"/></item>
<item name="DIPB2" rev="5">
<attrib name="value" value="1"/></item>
<item name="DIPB3" rev="5">
<attrib name="value" value="1"/></item>
<item name="DOB" rev="5">
<attrib name="value" value="1"/></item>
<item name="ENB" rev="5">
<attrib name="value" value="1"/></item>
<item name="SSRB" rev="5">
<attrib name="value" value="1"/></item>
<item name="WEB" rev="5">
<attrib name="value" value="1"/></item>
</group>
<group name="IOB_PAD">
<item name="PAD" rev="5">
<attrib name="value" value="15"/></item>
</group>
<group name="IOB">
<item name="O1" rev="5">
<attrib name="value" value="15"/></item>
<item name="PAD" rev="5">
<attrib name="value" value="15"/></item>
</group>
<group name="BUFGMUX">
<item name="I0" rev="5">
<attrib name="value" value="7"/></item>
<item name="O" rev="5">
<attrib name="value" value="7"/></item>
<item name="S" rev="5">
<attrib name="value" value="7"/></item>
</group>
<group name="SLICEM_F5MUX">
<item name="F" rev="5">
<attrib name="value" value="64"/></item>
<item name="G" rev="5">
<attrib name="value" value="64"/></item>
<item name="OUT" rev="5">
<attrib name="value" value="64"/></item>
<item name="S0" rev="5">
<attrib name="value" value="64"/></item>
</group>
<group name="SLICEL_C2VDD">
<item name="1" rev="5">
<attrib name="value" value="60"/></item>
</group>
<group name="BUFGMUX_GCLK_BUFFER">
<item name="IN" rev="5">
<attrib name="value" value="7"/></item>
<item name="OUT" rev="5">
<attrib name="value" value="7"/></item>
</group>
<group name="SLICEL_F">
<item name="A1" rev="5">
<attrib name="value" value="1177"/></item>
<item name="A2" rev="5">
<attrib name="value" value="1084"/></item>
<item name="A3" rev="5">
<attrib name="value" value="1055"/></item>
<item name="A4" rev="5">
<attrib name="value" value="785"/></item>
<item name="D" rev="5">
<attrib name="value" value="1180"/></item>
</group>
<group name="SLICEL_F5MUX">
<item name="F" rev="5">
<attrib name="value" value="132"/></item>
<item name="G" rev="5">
<attrib name="value" value="132"/></item>
<item name="OUT" rev="5">
<attrib name="value" value="132"/></item>
<item name="S0" rev="5">
<attrib name="value" value="132"/></item>
</group>
<group name="SLICEL_G">
<item name="A1" rev="5">
<attrib name="value" value="1160"/></item>
<item name="A2" rev="5">
<attrib name="value" value="1071"/></item>
<item name="A3" rev="5">
<attrib name="value" value="917"/></item>
<item name="A4" rev="5">
<attrib name="value" value="736"/></item>
<item name="D" rev="5">
<attrib name="value" value="1164"/></item>
</group>
<group name="SLICEL_GNDF">
<item name="0" rev="5">
<attrib name="value" value="76"/></item>
</group>
<group name="SLICEL_GNDG">
<item name="0" rev="5">
<attrib name="value" value="69"/></item>
</group>
</ReportPinData>
<CmdHistory>
</CmdHistory>
</DeviceUsageSummary>
